{"_wandb":{"runtime":2403},"_timestamp":1.728020358647171e+09,"_runtime":2403.8022705,"_step":3000,"IoU":0.964468777179718,"seg loss":0.029240744188427925,"score loss":0.020132839679718018,"Total loss":0.030247386544942856}