{"score loss":0.11612844467163086,"Total loss":0.4681301712989807,"_timestamp":1.7280178953874583e+09,"_runtime":15.5547639,"_step":10,"IoU":0.8018403053283691,"seg loss":0.46232375502586365,"_wandb":{"runtime":15}}